{
  "epochs": [
    1,
    2,
    3,
    4,
    5,
    6,
    7,
    8,
    9,
    10,
    11,
    12,
    13,
    14,
    15,
    16,
    17,
    18,
    19,
    20,
    21,
    22,
    23,
    24,
    25,
    26,
    27,
    28,
    29,
    30
  ],
  "train": {
    "mse": [
      5.228149265886467,
      4.1493081784694,
      3.934261998283529,
      3.822274727799068,
      3.747539138125482,
      3.7305560195557423,
      3.549742165012894,
      3.6364110908775684,
      3.610680901001547,
      3.50893587041124,
      3.457175604093855,
      3.438609783894548,
      3.431403257579447,
      3.380364695442057,
      3.3581227487492784,
      3.34808787787072,
      3.2998536479807346,
      3.2614563848370706,
      3.2788217502219656,
      3.256347340401088,
      3.250743936712497,
      3.2299908132196586,
      3.107061225120152,
      3.11693760056362,
      3.0936254691854814,
      3.044039061136335,
      3.11831807087515,
      2.928591187869277,
      2.987923983101533,
      2.8285709480258907
    ],
    "mae": [
      1.651258575025006,
      1.4540978068503263,
      1.4088937528779573,
      1.39545562779792,
      1.384483975227748,
      1.372010502302758,
      1.338721417935095,
      1.3578831247080152,
      1.3525011010259111,
      1.336943241480355,
      1.3144169711621008,
      1.3233164526591792,
      1.31870779200135,
      1.3102907343445538,
      1.3055511027853066,
      1.303666519227429,
      1.3004862320757358,
      1.2910839586614449,
      1.3018819572769593,
      1.2957687818001364,
      1.286064511147615,
      1.2866042261925814,
      1.268732201830249,
      1.2583755572265554,
      1.2624917576246173,
      1.2531499238771813,
      1.2650377310325052,
      1.224627905359892,
      1.2413634875110378,
      1.2145373297628956
    ]
  },
  "val": {
    "mse": [
      4.338892042636871,
      4.654856414706619,
      4.520907713307275,
      4.352425659144366,
      4.1740901536411705,
      4.066974096828037,
      4.15351696588375,
      4.079508909472713,
      4.509815176328023,
      4.249992070374666,
      4.24110041945069,
      4.2998984036622225,
      4.706968212569201,
      3.9715838498539395,
      4.3363865282800464,
      3.8681946904570967,
      4.476741724544102,
      4.024819590427257,
      4.22932990833565,
      3.7919524576928882,
      4.162095149358113,
      3.9150760659465083,
      4.397098377898887,
      4.404923101266225,
      3.972574304651331,
      3.999402900536855,
      3.8085570865207248,
      4.003786749309963,
      3.845605543366185,
      4.081513574829808
    ],
    "mae": [
      1.4993501570489671,
      1.5589141183429294,
      1.5446276156990617,
      1.4653630631941337,
      1.4228630926873949,
      1.4382725711222049,
      1.4499906875469066,
      1.4597991042666965,
      1.5186699099010892,
      1.4994609951972961,
      1.4961974245530587,
      1.4645262581330758,
      1.5658447919068512,
      1.4202367420549746,
      1.4928024565732037,
      1.4122600952784221,
      1.464067112516474,
      1.462447621204235,
      1.466970682144165,
      1.3748971157603793,
      1.3899387893853363,
      1.3913681065594707,
      1.49689237497471,
      1.4507555586320382,
      1.3626096425233063,
      1.4283738555731598,
      1.3530058993233576,
      1.3895790135418926,
      1.391770398175275,
      1.44283069063116
    ]
  },
  "ratio_val_to_train_mse": [
    0.8299097485506057,
    1.121839163179175,
    1.1491120101507455,
    1.1387003732331318,
    1.1138216306205275,
    1.0901790712989636,
    1.1700897622429607,
    1.1218503099681758,
    1.2490206971978803,
    1.211191149491306,
    1.2267529640173733,
    1.2504758242129423,
    1.371732745829924,
    1.1748980384303083,
    1.2913126924544729,
    1.1553444328698887,
    1.356648567515573,
    1.2340559294734585,
    1.2898932087568769,
    1.1644803398724133,
    1.2803515842491344,
    1.2121013006981143,
    1.415195279175372,
    1.4132214582896063,
    1.2841161104408891,
    1.313847431065449,
    1.221349778937676,
    1.367137470704115,
    1.2870493242516696,
    1.4429595897809697
  ],
  "best_epoch": 20,
  "best_val_mse": 3.7919524576928882,
  "stopped_early": true
}