{
  "u10": {
    "a": 1.0827147189266721,
    "b": -0.007359442681901696
  },
  "v10": {
    "a": 0.9461147701056917,
    "b": 0.35997631294698684
  }
}