{
  "validation_samples": 107,
  "raw_mse": 3.8490586280822754,
  "raw_mae": 1.364726185798645,
  "corrected_mse": 3.8465174711835384,
  "corrected_mae": 1.3626438515885202,
  "postprocessing": {
    "formula": "corrected = a * prediction + b",
    "a": 0.9968649352306231,
    "b": 0.05268948543848495
  },
  "plotted_sample_index": 483,
  "final_plot": "/mnt/c/Users/tzoan/Desktop/Weather_Forecasting/weather-ml-project/outputs/final_evaluation_plot.png"
}