{
  "epochs": [
    1,
    2,
    3,
    4,
    5,
    6,
    7,
    8,
    9,
    10,
    11,
    12,
    13,
    14,
    15,
    16,
    17,
    18,
    19,
    20,
    21,
    22,
    23,
    24,
    25,
    26,
    27,
    28
  ],
  "train": {
    "mse": [
      5.3029212946089626,
      3.96932026270394,
      3.8195875248062277,
      3.7330268192514082,
      3.7722756868210907,
      3.6220425735010164,
      3.565670534829113,
      3.5210774446202215,
      3.5880181967655074,
      3.525606009447686,
      3.528922895961833,
      3.430950714605991,
      3.3612101328707187,
      3.472658504392499,
      3.396796693868726,
      3.4123293729586024,
      3.3355565210369145,
      3.2129137510451202,
      3.159655892960379,
      3.1834290991319674,
      3.1985117765230555,
      3.183677820401771,
      3.2352601679686073,
      3.1757494038510545,
      3.11408638229994,
      3.0662665484107543,
      3.192073624824809,
      3.009763358909393
    ],
    "mae": [
      1.6437167046226073,
      1.4187251145594588,
      1.3947150796373313,
      1.3753387354244695,
      1.3816164954800472,
      1.352084755897522,
      1.3474446367994648,
      1.3337738034881164,
      1.3502444402079716,
      1.3405546601687637,
      1.3311677814644074,
      1.3281902230788614,
      1.3050886348029163,
      1.3346738152414839,
      1.3078030882594742,
      1.317187931493064,
      1.3037044038282377,
      1.2742447390734593,
      1.2634777499136525,
      1.2799088470289641,
      1.2682809595749758,
      1.2821880913226404,
      1.296459709372476,
      1.2799795409229313,
      1.2717730558921243,
      1.2562007101896768,
      1.275785953084999,
      1.245467779235305
    ]
  },
  "val": {
    "mse": [
      4.779187304002267,
      4.271445784303877,
      4.487624155150519,
      4.490696509679158,
      4.093010540361758,
      4.540578369741087,
      4.059889930265921,
      4.268285561490942,
      4.1123408653118,
      4.042033588444745,
      4.314736333158281,
      4.03565130631129,
      4.123958596476802,
      3.961488522865154,
      3.8161952186513832,
      4.142499530756915,
      3.906489102928727,
      3.7352795247678405,
      3.8629395365715027,
      4.351122586815445,
      3.960734126744447,
      4.194984270466699,
      4.124951651802769,
      4.432934127472065,
      3.987497652018512,
      4.126308865017361,
      4.009046424318243,
      3.9830852062613875
    ],
    "mae": [
      1.57547457129867,
      1.4487355174841705,
      1.4619402686754863,
      1.5232668121655781,
      1.4269857737753127,
      1.479801427434992,
      1.427136617678183,
      1.484052335774457,
      1.4395861404913444,
      1.3813159333335028,
      1.438559940567723,
      1.4169742818231936,
      1.3908034783822518,
      1.406699158527233,
      1.3942900631162856,
      1.432299655896646,
      1.3871094716919794,
      1.3770457771089342,
      1.391167026978952,
      1.3820513906302276,
      1.4255352505931147,
      1.4040898923520688,
      1.4206997288597956,
      1.4673114441059254,
      1.4076399714858443,
      1.4499945640563965,
      1.383971337918882,
      1.4424302224759702
    ]
  },
  "ratio_val_to_train_mse": [
    0.9012367030340179,
    1.0761151788226142,
    1.1748975840992626,
    1.2029639022469405,
    1.0850242347507086,
    1.2535960794497858,
    1.1386048965010431,
    1.2122100773478766,
    1.1461315522365394,
    1.1464790953989672,
    1.2226779842925044,
    1.1762486966458048,
    1.2269267416954501,
    1.1407653582563166,
    1.1234688333098293,
    1.2139799761373067,
    1.1711656145806602,
    1.1625831921422731,
    1.222582353090417,
    1.3668036734356281,
    1.2383053130571762,
    1.3176535149330229,
    1.2749984352549897,
    1.3958702541505614,
    1.2804711117465872,
    1.3457110788871327,
    1.255937956173637,
    1.323388164212579
  ],
  "best_epoch": 18,
  "best_val_mse": 3.7352795247678405,
  "stopped_early": true
}